Workbook

Sheet הסבר
A1: OneHome — גיליון מעקב לקוחות (קובץ דוגמה)
A2: הקובץ הזה מכיל נתוני דוגמה בלבד (לקוח C001, לא אמיתי). כדי להשתמש בו: לשמור עותק במקום פרטי, למחוק את שורת הדוגמה בכל לשונית, ולהתחיל למלא.
A4: איך לקרוא את הצבעים
A5: טקסט כחול = תא שממלאים ידנית. טקסט שחור על רקע אפור = נוסחה, לא לערוך.
A7: הלשוניות
A8: לקוחות — שורה לכל לקוח. נוסחאות מוכנות עד שורה 21. כולל מחיר בפועל, עלות חומרה וחשמלאי, רווח לשעה, שעות תמיכה ומזהה ניטור. כולל עמודות תשלום: מקדמה, אפשר להזמין ציוד, יתרה. שדות ה-IP, MAC, R2 ומזהה הניטור הם אלה ש-PRD 4 (כלי ניהול פנימי) יצטרך, כך שבהמשך אפשר לייבא אותם.
A9: Checklist — עמודה לכל לקוח, נמשכת אוטומטית מלשונית לקוחות (5 הלקוחות הראשונים). מבוסס על PRD 3, סעיפים B ו-D. "לא רלוונטי" לא נספר באחוז ההתקנה.
A10: שעות — שורה לכל שלב עבודה, כולל "נסיעות". השלב "תמיכה (ריטיינר)" נספר בנפרד, כדי לראות כמה תמיכה כל לקוח באמת צורך מול הריטיינר שלו.
A11: פניות — יומן פניות אחרי המסירה. חומרה לפי PRD 1: קריטי (תגובה עד יום עסקים), אזהרה (עד 3 ימי עסקים), בקשה (ללא SLA). "מידע" לא נרשם, כי גיא לא מעורב.
A12: חבילות — מחירי ההתקנה והריטיינר (מקור: PRD 1, 16/09/2026) וסיכום: לקוחות פעילים, הכנסה חודשית, פניות פתוחות, אירועים קריטיים מעבר ל-SLA ושעות עבודה.
A14: כללים חשובים
A15: 1. אין סודות בקובץ. סיסמאות WiFi, סיסמאות אדמין של HA וסיסמת הצפנת הגיבויים — רק במנהל סיסמאות. בעמודה "הפניה לסודות" כותבים איפה הם שמורים.
... A22: 8. "הערות רשת" — רושמים רק חריגות ממוסכמת הסיומות (HA ב-50, Shelly ב-60 עד 79 וכו' — ראו plan-site/kb.html), למשל "50 תפוסה, ה-HA ב-51" או "הראוטר לא מאפשר reservation". אם אין חריגה, כותבים "—".

Sheet לקוחות
A1: מזהה לקוח | B1: שם לקוח | C1: טלפון | D1: עיר / אזור | E1: חבילה | F1: מחיר חבילה | G1: ריטיינר חודשי | H1: תוספות / הנחה (₪) | I1: מחיר בפועל | J1: מקדמה בחתימה | K1: תאריך שולמה מקדמה | L1: אפשר להזמין ציוד? | M1: תאריך שולמה יתרה | N1: יתרה לגבייה | O1: תאריך סקר בית | P1: תאריך התקנה | Q1: תאריך אישור קבלה | R1: תחילת ריטיינר (= אישור קבלה) | S1: סטטוס | T1: IP קבוע | U1: MAC של ה-HA | V1: הערות רשת (חריגות IP) | W1: גרסת HA | X1: Nabu Casa | Y1: שירותי Nabu Casa שנבחרו | Z1: שם bucket ב-R2 | AA1: מזהה ניטור | AB1: עבודת חשמל | AC1: חשמלאי | AD1: עלות חומרה (כולל מע"מ) | AE1: עלות חשמלאי | AF1: רווח התקנה (לפני שכר עצמי) | AG1: התקדמות checklist | AH1: שעות התקנה (כולל נסיעות) | AI1: רווח התקנה לשעה | AJ1: שעות תמיכה (ריטיינר) | AK1: פניות פתוחות | AL1: הפניה לסודות (מנהל סיסמאות) | AM1: הערות
A2: C001 | B2: לקוח לדוגמה (לא אמיתי) | C2: 050-0000000 | D2: תל אביב | E2: SafeHome | F2: =IF($E2="","",IFERROR(INDEX(חבילות!$B$2:$B$4,MATCH($E2,חבילות!$A$2:$A$4,0)),"")) -> 8700 | G2: =IF($E2="","",IFERROR(INDEX(חבילות!$C$2:$C$4,MATCH($E2,חבילות!$A$2:$A$4,0)),"")) -> 220 | H2: 0 | I2: =IF(OR($A2="",$F2=""),"",$F2+N($H2)) -> 8700 | J2: =IF($I2="","",ROUND($I2*חבילות!$E$2,0)) -> 4350 | K2: 46303 | L2: =IF($A2="","",IF($K2="","לא — מקדמה טרם שולמה","כן")) -> כן | M2: 46314 | N2: =IF($I2="","",$I2-IF($K2="",0,$J2)-IF($M2="",0,$I2-$J2)) -> 0 | O2: 46300 | P2: 46314 | Q2: 46314 | R2: =IF($Q2="","",$Q2) -> 46314 | S2: פעיל | T2: 192.168.1.50 | U2: AA:BB:CC:DD:EE:FF | V2: — | W2: 2026.9.3 | X2: לא | Y2: — | Z2: onehome-c001-backups | AA2: c001-sample | AB2: כן | AC2: חשמלאי א׳ (לדוגמה) | AD2: 4200 | AE2: 800 | AF2: =IF(OR($A2="",$I2="",$AD2=""),"",$I2-$AD2-N($AE2)) -> 3700 | AG2: =IF($A2="","",IFERROR(INDEX(Checklist!$C$30:$G$30,MATCH($A2,Checklist!$C$1:$G$1,0)),"")) -> 1 | AH2: =IF($A2="","",SUMIFS(שעות!$D$2:$D$500,שעות!$A$2:$A$500,$A2)-SUMIFS(שעות!$D$2:$D$500,שעות!$A$2:$A$500,$A2,שעות!$B$2:$B$500,"תמיכה (ריטיינר)")) -> 18.5 | AI2: =IF($A2="","",IFERROR($AF2/$AH2,"")) -> 200 | AJ2: =IF($A2="","",SUMIFS(שעות!$D$2:$D$500,שעות!$A$2:$A$500,$A2,שעות!$B$2:$B$500,"תמיכה (ריטיינר)")) -> 1.5 | AK2: =IF($A2="","",COUNTIFS(פניות!$B$2:$B$500,$A2,פניות!$F$2:$F$500,"פתוחה")) -> 1 | AL2: Bitwarden: OneHome/C001 (לדוגמה) | AM2: נתוני דוגמה בלבד — למחוק את השורה לפני שימוש אמיתי
F3: =IF($E3="","",IFERROR(INDEX(חבילות!$B$2:$B$4,MATCH($E3,חבילות!$A$2:$A$4,0)),"")) | G3: =IF($E3="","",IFERROR(INDEX(חבילות!$C$2:$C$4,MATCH($E3,חבילות!$A$2:$A$4,0)),"")) | I3: =IF(OR($A3="",$F3=""),"",$F3+N($H3)) | J3: =IF($I3="","",ROUND($I3*חבילות!$E$2,0)) | L3: =IF($A3="","",IF($K3="","לא — מקדמה טרם שולמה","כן")) | N3: =IF($I3="","",$I3-IF($K3="",0,$J3)-IF($M3="",0,$I3-$J3)) | R3: =IF($Q3="","",$Q3) | AF3: =IF(OR($A3="",$I3="",$AD3=""),"",$I3-$AD3-N($AE3)) | AG3: =IF($A3="","",IFERROR(INDEX(Checklist!$C$30:$G$30,MATCH($A3,Checklist!$C$1:$G$1,0)),"")) | AH3: =IF($A3="","",SUMIFS(שעות!$D$2:$D$500,שעות!$A$2:$A$500,$A3)-SUMIFS(שעות!$D$2:$D$500,שעות!$A$2:$A$500,$A3,שעות!$B$2:$B$500,"תמיכה (ריטיינר)")) | AI3: =IF($A3="","",IFERROR($AF3/$AH3,"")) | AJ3: =IF($A3="","",SUMIFS(שעות!$D$2:$D$500,שעות!$A$2:$A$500,$A3,שעות!$B$2:$B$500,"תמיכה (ריטיינר)")) | AK3: =IF($A3="","",COUNTIFS(פניות!$B$2:$B$500,$A3,פניות!$F$2:$F$500,"פתוחה"))
F4: =IF($E4="","",IFERROR(INDEX(חבילות!$B$2:$B$4,MATCH($E4,חבילות!$A$2:$A$4,0)),"")) | G4: =IF($E4="","",IFERROR(INDEX(חבילות!$C$2:$C$4,MATCH($E4,חבילות!$A$2:$A$4,0)),"")) | I4: =IF(OR($A4="",$F4=""),"",$F4+N($H4)) | J4: =IF($I4="","",ROUND($I4*חבילות!$E$2,0)) | L4: =IF($A4="","",IF($K4="","לא — מקדמה טרם שולמה","כן")) | N4: =IF($I4="","",$I4-IF($K4="",0,$J4)-IF($M4="",0,$I4-$J4)) | R4: =IF($Q4="","",$Q4) | AF4: =IF(OR($A4="",$I4="",$AD4=""),"",$I4-$AD4-N($AE4)) | AG4: =IF($A4="","",IFERROR(INDEX(Checklist!$C$30:$G$30,MATCH($A4,Checklist!$C$1:$G$1,0)),"")) | AH4: =IF($A4="","",SUMIFS(שעות!$D$2:$D$500,שעות!$A$2:$A$500,$A4)-SUMIFS(שעות!$D$2:$D$500,שעות!$A$2:$A$500,$A4,שעות!$B$2:$B$500,"תמיכה (ריטיינר)")) | AI4: =IF($A4="","",IFERROR($AF4/$AH4,"")) | AJ4: =IF($A4="","",SUMIFS(שעות!$D$2:$D$500,שעות!$A$2:$A$500,$A4,שעות!$B$2:$B$500,"תמיכה (ריטיינר)")) | AK4: =IF($A4="","",COUNTIFS(פניות!$B$2:$B$500,$A4,פניות!$F$2:$F$500,"פתוחה"))
F5: =IF($E5="","",IFERROR(INDEX(חבילות!$B$2:$B$4,MATCH($E5,חבילות!$A$2:$A$4,0)),"")) | G5: =IF($E5="","",IFERROR(INDEX(חבילות!$C$2:$C$4,MATCH($E5,חבילות!$A$2:$A$4,0)),"")) | I5: =IF(OR($A5="",$F5=""),"",$F5+N($H5)) | J5: =IF($I5="","",ROUND($I5*חבילות!$E$2,0)) | L5: =IF($A5="","",IF($K5="","לא — מקדמה טרם שולמה","כן")) | N5: =IF($I5="","",$I5-IF($K5="",0,$J5)-IF($M5="",0,$I5-$J5)) | R5: =IF($Q5="","",$Q5) | AF5: =IF(OR($A5="",$I5="",$AD5=""),"",$I5-$AD5-N($AE5)) | AG5: =IF($A5="","",IFERROR(INDEX(Checklist!$C$30:$G$30,MATCH($A5,Checklist!$C$1:$G$1,0)),"")) | AH5: =IF($A5="","",SUMIFS(שעות!$D$2:$D$500,שעות!$A$2:$A$500,$A5)-SUMIFS(שעות!$D$2:$D$500,שעות!$A$2:$A$500,$A5,שעות!$B$2:$B$500,"תמיכה (ריטיינר)")) | AI5: =IF($A5="","",IFERROR($AF5/$AH5,"")) | AJ5: =IF($A5="","",SUMIFS(שעות!$D$2:$D$500,שעות!$A$2:$A$500,$A5,שעות!$B$2:$B$500,"תמיכה (ריטיינר)")) | AK5: =IF($A5="","",COUNTIFS(פניות!$B$2:$B$500,$A5,פניות!$F$2:$F$500,"פתוחה"))
F6: =IF($E6="","",IFERROR(INDEX(חבילות!$B$2:$B$4,MATCH($E6,חבילות!$A$2:$A$4,0)),"")) | G6: =IF($E6="","",IFERROR(INDEX(חבילות!$C$2:$C$4,MATCH($E6,חבילות!$A$2:$A$4,0)),"")) | I6: =IF(OR($A6="",$F6=""),"",$F6+N($H6)) | J6: =IF($I6="","",ROUND($I6*חבילות!$E$2,0)) | L6: =IF($A6="","",IF($K6="","לא — מקדמה טרם שולמה","כן")) | N6: =IF($I6="","",$I6-IF($K6="",0,$J6)-IF($M6="",0,$I6-$J6)) | R6: =IF($Q6="","",$Q6) | AF6: =IF(OR($A6="",$I6="",$AD6=""),"",$I6-$AD6-N($AE6)) | AG6: =IF($A6="","",IFERROR(INDEX(Checklist!$C$30:$G$30,MATCH($A6,Checklist!$C$1:$G$1,0)),"")) | AH6: =IF($A6="","",SUMIFS(שעות!$D$2:$D$500,שעות!$A$2:$A$500,$A6)-SUMIFS(שעות!$D$2:$D$500,שעות!$A$2:$A$500,$A6,שעות!$B$2:$B$500,"תמיכה (ריטיינר)")) | AI6: =IF($A6="","",IFERROR($AF6/$AH6,"")) | AJ6: =IF($A6="","",SUMIFS(שעות!$D$2:$D$500,שעות!$A$2:$A$500,$A6,שעות!$B$2:$B$500,"תמיכה (ריטיינר)")) | AK6: =IF($A6="","",COUNTIFS(פניות!$B$2:$B$500,$A6,פניות!$F$2:$F$500,"פתוחה"))
F7: =IF($E7="","",IFERROR(INDEX(חבילות!$B$2:$B$4,MATCH($E7,חבילות!$A$2:$A$4,0)),"")) | G7: =IF($E7="","",IFERROR(INDEX(חבילות!$C$2:$C$4,MATCH($E7,חבילות!$A$2:$A$4,0)),"")) | I7: =IF(OR($A7="",$F7=""),"",$F7+N($H7)) | J7: =IF($I7="","",ROUND($I7*חבילות!$E$2,0)) | L7: =IF($A7="","",IF($K7="","לא — מקדמה טרם שולמה","כן")) | N7: =IF($I7="","",$I7-IF($K7="",0,$J7)-IF($M7="",0,$I7-$J7)) | R7: =IF($Q7="","",$Q7) | AF7: =IF(OR($A7="",$I7="",$AD7=""),"",$I7-$AD7-N($AE7)) | AG7: =IF($A7="","",IFERROR(INDEX(Checklist!$C$30:$G$30,MATCH($A7,Checklist!$C$1:$G$1,0)),"")) | AH7: =IF($A7="","",SUMIFS(שעות!$D$2:$D$500,שעות!$A$2:$A$500,$A7)-SUMIFS(שעות!$D$2:$D$500,שעות!$A$2:$A$500,$A7,שעות!$B$2:$B$500,"תמיכה (ריטיינר)")) | AI7: =IF($A7="","",IFERROR($AF7/$AH7,"")) | AJ7: =IF($A7="","",SUMIFS(שעות!$D$2:$D$500,שעות!$A$2:$A$500,$A7,שעות!$B$2:$B$500,"תמיכה (ריטיינר)")) | AK7: =IF($A7="","",COUNTIFS(פניות!$B$2:$B$500,$A7,פניות!$F$2:$F$500,"פתוחה"))
F8: =IF($E8="","",IFERROR(INDEX(חבילות!$B$2:$B$4,MATCH($E8,חבילות!$A$2:$A$4,0)),"")) | G8: =IF($E8="","",IFERROR(INDEX(חבילות!$C$2:$C$4,MATCH($E8,חבילות!$A$2:$A$4,0)),"")) | I8: =IF(OR($A8="",$F8=""),"",$F8+N($H8)) | J8: =IF($I8="","",ROUND($I8*חבילות!$E$2,0)) | L8: =IF($A8="","",IF($K8="","לא — מקדמה טרם שולמה","כן")) | N8: =IF($I8="","",$I8-IF($K8="",0,$J8)-IF($M8="",0,$I8-$J8)) | R8: =IF($Q8="","",$Q8) | AF8: =IF(OR($A8="",$I8="",$AD8=""),"",$I8-$AD8-N($AE8)) | AG8: =IF($A8="","",IFERROR(INDEX(Checklist!$C$30:$G$30,MATCH($A8,Checklist!$C$1:$G$1,0)),"")) | AH8: =IF($A8="","",SUMIFS(שעות!$D$2:$D$500,שעות!$A$2:$A$500,$A8)-SUMIFS(שעות!$D$2:$D$500,שעות!$A$2:$A$500,$A8,שעות!$B$2:$B$500,"תמיכה (ריטיינר)")) | AI8: =IF($A8="","",IFERROR($AF8/$AH8,"")) | AJ8: =IF($A8="","",SUMIFS(שעות!$D$2:$D$500,שעות!$A$2:$A$500,$A8,שעות!$B$2:$B$500,"תמיכה (ריטיינר)")) | AK8: =IF($A8="","",COUNTIFS(פניות!$B$2:$B$500,$A8,פניות!$F$2:$F$500,"פתוחה"))
F9: =IF($E9="","",IFERROR(INDEX(חבילות!$B$2:$B$4,MATCH($E9,חבילות!$A$2:$A$4,0)),"")) | G9: =IF($E9="","",IFERROR(INDEX(חבילות!$C$2:$C$4,MATCH($E9,חבילות!$A$2:$A$4,0)),"")) | I9: =IF(OR($A9="",$F9=""),"",$F9+N($H9)) | J9: =IF($I9="","",ROUND($I9*חבילות!$E$2,0)) | L9: =IF($A9="","",IF($K9="","לא — מקדמה טרם שולמה","כן")) | N9: =IF($I9="","",$I9-IF($K9="",0,$J9)-IF($M9="",0,$I9-$J9)) | R9: =IF($Q9="","",$Q9) | AF9: =IF(OR($A9="",$I9="",$AD9=""),"",$I9-$AD9-N($AE9)) | AG9: =IF($A9="","",IFERROR(INDEX(Checklist!$C$30:$G$30,MATCH($A9,Checklist!$C$1:$G$1,0)),"")) | AH9: =IF($A9="","",SUMIFS(שעות!$D$2:$D$500,שעות!$A$2:$A$500,$A9)-SUMIFS(שעות!$D$2:$D$500,שעות!$A$2:$A$500,$A9,שעות!$B$2:$B$500,"תמיכה (ריטיינר)")) | AI9: =IF($A9="","",IFERROR($AF9/$AH9,"")) | AJ9: =IF($A9="","",SUMIFS(שעות!$D$2:$D$500,שעות!$A$2:$A$500,$A9,שעות!$B$2:$B$500,"תמיכה (ריטיינר)")) | AK9: =IF($A9="","",COUNTIFS(פניות!$B$2:$B$500,$A9,פניות!$F$2:$F$500,"פתוחה"))
F10: =IF($E10="","",IFERROR(INDEX(חבילות!$B$2:$B$4,MATCH($E10,חבילות!$A$2:$A$4,0)),"")) | G10: =IF($E10="","",IFERROR(INDEX(חבילות!$C$2:$C$4,MATCH($E10,חבילות!$A$2:$A$4,0)),"")) | I10: =IF(OR($A10="",$F10=""),"",$F10+N($H10)) | J10: =IF($I10="","",ROUND($I10*חבילות!$E$2,0)) | L10: =IF($A10="","",IF($K10="","לא — מקדמה טרם שולמה","כן")) | N10: =IF($I10="","",$I10-IF($K10="",0,$J10)-IF($M10="",0,$I10-$J10)) | R10: =IF($Q10="","",$Q10) | AF10: =IF(OR($A10="",$I10="",$AD10=""),"",$I10-$AD10-N($AE10)) | AG10: =IF($A10="","",IFERROR(INDEX(Checklist!$C$30:$G$30,MATCH($A10,Checklist!$C$1:$G$1,0)),"")) | AH10: =IF($A10="","",SUMIFS(שעות!$D$2:$D$500,שעות!$A$2:$A$500,$A10)-SUMIFS(שעות!$D$2:$D$500,שעות!$A$2:$A$500,$A10,שעות!$B$2:$B$500,"תמיכה (ריטיינר)")) | AI10: =IF($A10="","",IFERROR($AF10/$AH10,"")) | AJ10: =IF($A10="","",SUMIFS(שעות!$D$2:$D$500,שעות!$A$2:$A$500,$A10,שעות!$B$2:$B$500,"תמיכה (ריטיינר)")) | AK10: =IF($A10="","",COUNTIFS(פניות!$B$2:$B$500,$A10,פניות!$F$2:$F$500,"פתוחה"))
F11: =IF($E11="","",IFERROR(INDEX(חבילות!$B$2:$B$4,MATCH($E11,חבילות!$A$2:$A$4,0)),"")) | G11: =IF($E11="","",IFERROR(INDEX(חבילות!$C$2:$C$4,MATCH($E11,חבילות!$A$2:$A$4,0)),"")) | I11: =IF(OR($A11="",$F11=""),"",$F11+N($H11)) | J11: =IF($I11="","",ROUND($I11*חבילות!$E$2,0)) | L11: =IF($A11="","",IF($K11="","לא — מקדמה טרם שולמה","כן")) | N11: =IF($I11="","",$I11-IF($K11="",0,$J11)-IF($M11="",0,$I11-$J11)) | R11: =IF($Q11="","",$Q11) | AF11: =IF(OR($A11="",$I11="",$AD11=""),"",$I11-$AD11-N($AE11)) | AG11: =IF($A11="","",IFERROR(INDEX(Checklist!$C$30:$G$30,MATCH($A11,Checklist!$C$1:$G$1,0)),"")) | AH11: =IF($A11="","",SUMIFS(שעות!$D$2:$D$500,שעות!$A$2:$A$500,$A11)-SUMIFS(שעות!$D$2:$D$500,שעות!$A$2:$A$500,$A11,שעות!$B$2:$B$500,"תמיכה (ריטיינר)")) | AI11: =IF($A11="","",IFERROR($AF11/$AH11,"")) | AJ11: =IF($A11="","",SUMIFS(שעות!$D$2:$D$500,שעות!$A$2:$A$500,$A11,שעות!$B$2:$B$500,"תמיכה (ריטיינר)")) | AK11: =IF($A11="","",COUNTIFS(פניות!$B$2:$B$500,$A11,פניות!$F$2:$F$500,"פתוחה"))
F12: =IF($E12="","",IFERROR(INDEX(חבילות!$B$2:$B$4,MATCH($E12,חבילות!$A$2:$A$4,0)),"")) | G12: =IF($E12="","",IFERROR(INDEX(חבילות!$C$2:$C$4,MATCH($E12,חבילות!$A$2:$A$4,0)),"")) | I12: =IF(OR($A12="",$F12=""),"",$F12+N($H12)) | J12: =IF($I12="","",ROUND($I12*חבילות!$E$2,0)) | L12: =IF($A12="","",IF($K12="","לא — מקדמה טרם שולמה","כן")) | N12: =IF($I12="","",$I12-IF($K12="",0,$J12)-IF($M12="",0,$I12-$J12)) | R12: =IF($Q12="","",$Q12) | AF12: =IF(OR($A12="",$I12="",$AD12=""),"",$I12-$AD12-N($AE12)) | AG12: =IF($A12="","",IFERROR(INDEX(Checklist!$C$30:$G$30,MATCH($A12,Checklist!$C$1:$G$1,0)),"")) | AH12: =IF($A12="","",SUMIFS(שעות!$D$2:$D$500,שעות!$A$2:$A$500,$A12)-SUMIFS(שעות!$D$2:$D$500,שעות!$A$2:$A$500,$A12,שעות!$B$2:$B$500,"תמיכה (ריטיינר)")) | AI12: =IF($A12="","",IFERROR($AF12/$AH12,"")) | AJ12: =IF($A12="","",SUMIFS(שעות!$D$2:$D$500,שעות!$A$2:$A$500,$A12,שעות!$B$2:$B$500,"תמיכה (ריטיינר)")) | AK12: =IF($A12="","",COUNTIFS(פניות!$B$2:$B$500,$A12,פניות!$F$2:$F$500,"פתוחה"))
F13: =IF($E13="","",IFERROR(INDEX(חבילות!$B$2:$B$4,MATCH($E13,חבילות!$A$2:$A$4,0)),"")) | G13: =IF($E13="","",IFERROR(INDEX(חבילות!$C$2:$C$4,MATCH($E13,חבילות!$A$2:$A$4,0)),"")) | I13: =IF(OR($A13="",$F13=""),"",$F13+N($H13)) | J13: =IF($I13="","",ROUND($I13*חבילות!$E$2,0)) | L13: =IF($A13="","",IF($K13="","לא — מקדמה טרם שולמה","כן")) | N13: =IF($I13="","",$I13-IF($K13="",0,$J13)-IF($M13="",0,$I13-$J13)) | R13: =IF($Q13="","",$Q13) | AF13: =IF(OR($A13="",$I13="",$AD13=""),"",$I13-$AD13-N($AE13)) | AG13: =IF($A13="","",IFERROR(INDEX(Checklist!$C$30:$G$30,MATCH($A13,Checklist!$C$1:$G$1,0)),"")) | AH13: =IF($A13="","",SUMIFS(שעות!$D$2:$D$500,שעות!$A$2:$A$500,$A13)-SUMIFS(שעות!$D$2:$D$500,שעות!$A$2:$A$500,$A13,שעות!$B$2:$B$500,"תמיכה (ריטיינר)")) | AI13: =IF($A13="","",IFERROR($AF13/$AH13,"")) | AJ13: =IF($A13="","",SUMIFS(שעות!$D$2:$D$500,שעות!$A$2:$A$500,$A13,שעות!$B$2:$B$500,"תמיכה (ריטיינר)")) | AK13: =IF($A13="","",COUNTIFS(פניות!$B$2:$B$500,$A13,פניות!$F$2:$F$500,"פתוחה"))
F14: =IF($E14="","",IFERROR(INDEX(חבילות!$B$2:$B$4,MATCH($E14,חבילות!$A$2:$A$4,0)),"")) | G14: =IF($E14="","",IFERROR(INDEX(חבילות!$C$2:$C$4,MATCH($E14,חבילות!$A$2:$A$4,0)),"")) | I14: =IF(OR($A14="",$F14=""),"",$F14+N($H14)) | J14: =IF($I14="","",ROUND($I14*חבילות!$E$2,0)) | L14: =IF($A14="","",IF($K14="","לא — מקדמה טרם שולמה","כן")) | N14: =IF($I14="","",$I14-IF($K14="",0,$J14)-IF($M14="",0,$I14-$J14)) | R14: =IF($Q14="","",$Q14) | AF14: =IF(OR($A14="",$I14="",$AD14=""),"",$I14-$AD14-N($AE14)) | AG14: =IF($A14="","",IFERROR(INDEX(Checklist!$C$30:$G$30,MATCH($A14,Checklist!$C$1:$G$1,0)),"")) | AH14: =IF($A14="","",SUMIFS(שעות!$D$2:$D$500,שעות!$A$2:$A$500,$A14)-SUMIFS(שעות!$D$2:$D$500,שעות!$A$2:$A$500,$A14,שעות!$B$2:$B$500,"תמיכה (ריטיינר)")) | AI14: =IF($A14="","",IFERROR($AF14/$AH14,"")) | AJ14: =IF($A14="","",SUMIFS(שעות!$D$2:$D$500,שעות!$A$2:$A$500,$A14,שעות!$B$2:$B$500,"תמיכה (ריטיינר)")) | AK14: =IF($A14="","",COUNTIFS(פניות!$B$2:$B$500,$A14,פניות!$F$2:$F$500,"פתוחה"))
... F21: =IF($E21="","",IFERROR(INDEX(חבילות!$B$2:$B$4,MATCH($E21,חבילות!$A$2:$A$4,0)),"")) | G21: =IF($E21="","",IFERROR(INDEX(חבילות!$C$2:$C$4,MATCH($E21,חבילות!$A$2:$A$4,0)),"")) | I21: =IF(OR($A21="",$F21=""),"",$F21+N($H21)) | J21: =IF($I21="","",ROUND($I21*חבילות!$E$2,0)) | L21: =IF($A21="","",IF($K21="","לא — מקדמה טרם שולמה","כן")) | N21: =IF($I21="","",$I21-IF($K21="",0,$J21)-IF($M21="",0,$I21-$J21)) | R21: =IF($Q21="","",$Q21) | AF21: =IF(OR($A21="",$I21="",$AD21=""),"",$I21-$AD21-N($AE21)) | AG21: =IF($A21="","",IFERROR(INDEX(Checklist!$C$30:$G$30,MATCH($A21,Checklist!$C$1:$G$1,0)),"")) | AH21: =IF($A21="","",SUMIFS(שעות!$D$2:$D$500,שעות!$A$2:$A$500,$A21)-SUMIFS(שעות!$D$2:$D$500,שעות!$A$2:$A$500,$A21,שעות!$B$2:$B$500,"תמיכה (ריטיינר)")) | AI21: =IF($A21="","",IFERROR($AF21/$AH21,"")) | AJ21: =IF($A21="","",SUMIFS(שעות!$D$2:$D$500,שעות!$A$2:$A$500,$A21,שעות!$B$2:$B$500,"תמיכה (ריטיינר)")) | AK21: =IF($A21="","",COUNTIFS(פניות!$B$2:$B$500,$A21,פניות!$F$2:$F$500,"פתוחה"))

Sheet Checklist
A1: קבוצה | B1: פריט | C1: =IF(לקוחות!$A2="","",לקוחות!$A2) -> C001 | D1: =IF(לקוחות!$A3="","",לקוחות!$A3) | E1: =IF(לקוחות!$A4="","",לקוחות!$A4) | F1: =IF(לקוחות!$A5="","",לקוחות!$A5) | G1: =IF(לקוחות!$A6="","",לקוחות!$A6)
A2: רשת וגישה מקומית | B2: AP/Client Isolation כבוי בראוטר | C2: ✓
A3: רשת וגישה מקומית | B3: רשת שטוחה אחת (או VLAN מאושר ללקוח מיוחד) | C3: ✓
A4: רשת וגישה מקומית | B4: DHCP Reservation לפי MAC בראוטר | C4: ✓
A5: רשת וגישה מקומית | B5: Internal URL מוגדר לפי ה-IP הקבוע | C5: ✓
A6: רשת וגישה מקומית | B6: אפליקציית Companion מזהה את ה-SSID הביתי | C6: ✓
A7: רשת וגישה מקומית | B7: גישת אדמין לראוטר אומתה לפני ההתקנה | C7: ✓
A8: Nabu Casa (רק אם הלקוח בחר) | B8: הלקוח פתח חשבון בשמו ובכרטיס שלו | C8: לא רלוונטי
A9: Nabu Casa (רק אם הלקוח בחר) | B9: External URL מוגדר | C9: לא רלוונטי
A10: Nabu Casa (רק אם הלקוח בחר) | B10: שירותים נבחרו בנפרד (Alexa/Google, גיבוי ענן, Webhooks) | C10: לא רלוונטי
A11: Nabu Casa (רק אם הלקוח בחר) | B11: TTS/STT ענני — החלטה מוצהרת (ברירת מחדל: מקומי) | C11: לא רלוונטי
A12: Nabu Casa (רק אם הלקוח בחר) | B12: WebRTC למצלמות — החלטה מוצהרת (ברירת מחדל: כבוי) | C12: לא רלוונטי
A13: פרטיות וגיבויים | B13: מסמך פרטיות נחתם | C13: ✓
... A29: חוזי ומסירה | B29: אישור קבלה חתום — מתחיל ריטיינר ו-SLA | C29: ✓
B30: התקדמות (לא כולל "לא רלוונטי") | C30: =IF(C$1="","",COUNTIF(C2:C29,"✓")/MAX(1,ROWS(C2:C29)-COUNTIF(C2:C29,"לא רלוונטי"))) -> 1 | D30: =IF(D$1="","",COUNTIF(D2:D29,"✓")/MAX(1,ROWS(D2:D29)-COUNTIF(D2:D29,"לא רלוונטי"))) | E30: =IF(E$1="","",COUNTIF(E2:E29,"✓")/MAX(1,ROWS(E2:E29)-COUNTIF(E2:E29,"לא רלוונטי"))) | F30: =IF(F$1="","",COUNTIF(F2:F29,"✓")/MAX(1,ROWS(F2:F29)-COUNTIF(F2:F29,"לא רלוונטי"))) | G30: =IF(G$1="","",COUNTIF(G2:G29,"✓")/MAX(1,ROWS(G2:G29)-COUNTIF(G2:G29,"לא רלוונטי")))

Sheet שעות
A1: מזהה לקוח | B1: שלב | C1: תאריך | D1: שעות בפועל | E1: הערה | G1: שורה לכל שלב עבודה. הסכום לכל לקוח מוצג בלשונית לקוחות. השלב "תמיכה (ריטיינר)" נספר בנפרד משעות ההתקנה.
A2: C001 | B2: פגישת מכירה | C2: 46293 | D2: 1.5 | E2: פגישה ראשונה בבית הלקוח
A3: C001 | B3: נסיעות | C3: 46293 | D3: 1
A4: C001 | B4: סקר בית | C4: 46300 | D4: 2
A5: C001 | B5: נסיעות | C5: 46300 | D5: 1
A6: C001 | B6: הצעה וחתימה | C6: 46303 | D6: 1.5 | E6: כולל מסמך פרטיות
A7: C001 | B7: הכנה אצל גיא | C7: 46309 | D7: 3 | E7: HA, R2, גיבוי ראשון
A8: C001 | B8: נסיעות | C8: 46314 | D8: 1
A9: C001 | B9: התקנה ורשת | C9: 46314 | D9: 5
A10: C001 | B10: בדיקות קבלה | C10: 46314 | D10: 1.5
A11: C001 | B11: מסירה והדרכה | C11: 46314 | D11: 1
A12: C001 | B12: תמיכה (ריטיינר) | C12: 46316 | D12: 1 | E12: פנייה P001
A13: C001 | B13: תמיכה (ריטיינר) | C13: 46328 | D13: 0.5 | E13: פנייה P002

Sheet פניות
A1: מזהה פנייה | B1: מזהה לקוח | C1: תאריך פתיחה | D1: נושא | E1: חומרה | F1: סטטוס | G1: תגובה ראשונה | H1: תאריך פתרון | I1: זמן פתרון (שעות) | J1: יעד SLA לתגובה | K1: עמד ב-SLA? | L1: הערות
A2: P001 | B2: C001 | C2: 46316.382 | D2: התראת הצפה לא הגיעה לטלפון של בת הזוג | E2: קריטי | F2: סגורה | G2: 46316.403 | H2: 46316.486 | I2: =IF(OR($C2="",$H2=""),"",ROUND(($H2-$C2)*24,1)) -> 2.5 | J2: =IF(OR($C2="",$E2="",$E2="בקשה"),"",WORKDAY.INTL(INT($C2),IF($E2="קריטי",1,3),7)+1-1/1440) -> 46317.999 | K2: =IF($J2="","",IF($G2="","טרם נענה",IF($G2<=$J2,"✓","✗"))) -> ✓ | L2: נתוני דוגמה — הוגדרה מחדש הרשאת התראות באפליקציה
A3: P002 | B3: C001 | C3: 46328.75 | D3: שאלה על הוספת מנורה לדשבורד | E3: בקשה | F3: פתוחה | I3: =IF(OR($C3="",$H3=""),"",ROUND(($H3-$C3)*24,1)) | J3: =IF(OR($C3="",$E3="",$E3="בקשה"),"",WORKDAY.INTL(INT($C3),IF($E3="קריטי",1,3),7)+1-1/1440) | K3: =IF($J3="","",IF($G3="","טרם נענה",IF($G3<=$J3,"✓","✗"))) | L3: נתוני דוגמה
I4: =IF(OR($C4="",$H4=""),"",ROUND(($H4-$C4)*24,1)) | J4: =IF(OR($C4="",$E4="",$E4="בקשה"),"",WORKDAY.INTL(INT($C4),IF($E4="קריטי",1,3),7)+1-1/1440) | K4: =IF($J4="","",IF($G4="","טרם נענה",IF($G4<=$J4,"✓","✗")))
I5: =IF(OR($C5="",$H5=""),"",ROUND(($H5-$C5)*24,1)) | J5: =IF(OR($C5="",$E5="",$E5="בקשה"),"",WORKDAY.INTL(INT($C5),IF($E5="קריטי",1,3),7)+1-1/1440) | K5: =IF($J5="","",IF($G5="","טרם נענה",IF($G5<=$J5,"✓","✗")))
I6: =IF(OR($C6="",$H6=""),"",ROUND(($H6-$C6)*24,1)) | J6: =IF(OR($C6="",$E6="",$E6="בקשה"),"",WORKDAY.INTL(INT($C6),IF($E6="קריטי",1,3),7)+1-1/1440) | K6: =IF($J6="","",IF($G6="","טרם נענה",IF($G6<=$J6,"✓","✗")))
I7: =IF(OR($C7="",$H7=""),"",ROUND(($H7-$C7)*24,1)) | J7: =IF(OR($C7="",$E7="",$E7="בקשה"),"",WORKDAY.INTL(INT($C7),IF($E7="קריטי",1,3),7)+1-1/1440) | K7: =IF($J7="","",IF($G7="","טרם נענה",IF($G7<=$J7,"✓","✗")))
I8: =IF(OR($C8="",$H8=""),"",ROUND(($H8-$C8)*24,1)) | J8: =IF(OR($C8="",$E8="",$E8="בקשה"),"",WORKDAY.INTL(INT($C8),IF($E8="קריטי",1,3),7)+1-1/1440) | K8: =IF($J8="","",IF($G8="","טרם נענה",IF($G8<=$J8,"✓","✗")))
I9: =IF(OR($C9="",$H9=""),"",ROUND(($H9-$C9)*24,1)) | J9: =IF(OR($C9="",$E9="",$E9="בקשה"),"",WORKDAY.INTL(INT($C9),IF($E9="קריטי",1,3),7)+1-1/1440) | K9: =IF($J9="","",IF($G9="","טרם נענה",IF($G9<=$J9,"✓","✗")))
I10: =IF(OR($C10="",$H10=""),"",ROUND(($H10-$C10)*24,1)) | J10: =IF(OR($C10="",$E10="",$E10="בקשה"),"",WORKDAY.INTL(INT($C10),IF($E10="קריטי",1,3),7)+1-1/1440) | K10: =IF($J10="","",IF($G10="","טרם נענה",IF($G10<=$J10,"✓","✗")))
I11: =IF(OR($C11="",$H11=""),"",ROUND(($H11-$C11)*24,1)) | J11: =IF(OR($C11="",$E11="",$E11="בקשה"),"",WORKDAY.INTL(INT($C11),IF($E11="קריטי",1,3),7)+1-1/1440) | K11: =IF($J11="","",IF($G11="","טרם נענה",IF($G11<=$J11,"✓","✗")))
I12: =IF(OR($C12="",$H12=""),"",ROUND(($H12-$C12)*24,1)) | J12: =IF(OR($C12="",$E12="",$E12="בקשה"),"",WORKDAY.INTL(INT($C12),IF($E12="קריטי",1,3),7)+1-1/1440) | K12: =IF($J12="","",IF($G12="","טרם נענה",IF($G12<=$J12,"✓","✗")))
I13: =IF(OR($C13="",$H13=""),"",ROUND(($H13-$C13)*24,1)) | J13: =IF(OR($C13="",$E13="",$E13="בקשה"),"",WORKDAY.INTL(INT($C13),IF($E13="קריטי",1,3),7)+1-1/1440) | K13: =IF($J13="","",IF($G13="","טרם נענה",IF($G13<=$J13,"✓","✗")))
I14: =IF(OR($C14="",$H14=""),"",ROUND(($H14-$C14)*24,1)) | J14: =IF(OR($C14="",$E14="",$E14="בקשה"),"",WORKDAY.INTL(INT($C14),IF($E14="קריטי",1,3),7)+1-1/1440) | K14: =IF($J14="","",IF($G14="","טרם נענה",IF($G14<=$J14,"✓","✗")))
I15: =IF(OR($C15="",$H15=""),"",ROUND(($H15-$C15)*24,1)) | J15: =IF(OR($C15="",$E15="",$E15="בקשה"),"",WORKDAY.INTL(INT($C15),IF($E15="קריטי",1,3),7)+1-1/1440) | K15: =IF($J15="","",IF($G15="","טרם נענה",IF($G15<=$J15,"✓","✗")))
... I101: =IF(OR($C101="",$H101=""),"",ROUND(($H101-$C101)*24,1)) | J101: =IF(OR($C101="",$E101="",$E101="בקשה"),"",WORKDAY.INTL(INT($C101),IF($E101="קריטי",1,3),7)+1-1/1440) | K101: =IF($J101="","",IF($G101="","טרם נענה",IF($G101<=$J101,"✓","✗")))

Sheet חבילות
A1: חבילה | B1: מחיר התקנה (₪) | C1: ריטיינר חודשי (₪) | E1: אחוז מקדמה בחתימה
A2: EcoHome | B2: 5700 | C2: 160 | E2: 0.5
A3: SafeHome | B3: 8700 | C3: 220
A4: EliteHome | B4: 13150 | C4: 350
A6: מקור המחירים: PRD 1 / תמחור מעודכן ב-16/09/2026. אם התמחור משתנה — לעדכן כאן בלבד (תאים כחולים).
A8: סיכום
A9: לקוחות פעילים | B9: =COUNTIF(לקוחות!$S$2:$S$21,"פעיל") -> 1
A10: הכנסה חודשית מריטיינר (MRR) | B10: =SUMIFS(לקוחות!$G$2:$G$21,לקוחות!$S$2:$S$21,"פעיל") -> 220
A11: סה"כ פניות פתוחות | B11: =COUNTIF(פניות!$F$2:$F$500,"פתוחה") -> 1
A12: אירועים קריטיים מעבר ל-SLA (יעד: 0) | B12: =COUNTIFS(פניות!$E$2:$E$500,"קריטי",פניות!$K$2:$K$500,"✗") -> 0
A13: סה"כ שעות התקנה (ללא תמיכה) | B13: =SUM(שעות!$D$2:$D$500)-SUMIFS(שעות!$D$2:$D$500,שעות!$B$2:$B$500,"תמיכה (ריטיינר)") -> 18.5
A14: סה"כ יתרה לגבייה | B14: =SUM(לקוחות!$N$2:$N$21) -> 0
A15: סה"כ שעות תמיכה | B15: =SUMIFS(שעות!$D$2:$D$500,שעות!$B$2:$B$500,"תמיכה (ריטיינר)") -> 1.5
