Workbook

Sheet הנחות
A1: OneHome — מודל תמחור (נבנה מחדש 24/09/2026)
A2: מקרא: טקסט כחול = קלט שאפשר לשנות · רקע צהוב = הנחת מפתח לאימות · שחור = נוסחה · ירוק = קישור לגיליון אחר. כל המחירים בש"ח כולל מע"מ.
A4: הנחה | B4: ערך | C4: הערה / מקור
A5: תעריף שעת עבודה של גיא (₪) | B5: 250 | C5: הערכה. תעריף טכנאי/אינטגרטור בישראל; לכייל מול זמנים בפועל אצל 3 הלקוחות הראשונים.
A6: מרווח על חומרה (%) | B6: 0.2 | C6: כיסוי רכש, משלוח, החלפות באחריות והון חוזר. לא רווח נטו.
A7: דמי ביקור חשמלאי (₪, פעם אחת להתקנה) | B7: 400 | C7: הערכה. חל רק אם יש לפחות פריט אחד שדורש חשמלאי (PRD 1 סעיף F).
A8: שעות עבודה בחבילה הבסיסית | B8: 6 | C8: התקנת HA + גיבויים/Watchman (2) · דשבורד (2) · Companion לבני הבית + הדרכה (1) · נסיעה ותיעוד (1).
A9: שער דולר (₪) | B9: 3.7 | C9: להמרת מחירי MSRP. לעדכן לפי הצורך.
A10: עיגול מחיר ללקוח (₪) | B10: 10 | C10: מחירי הפריטים מעוגלים כלפי מעלה לכפולה של ערך זה.
A13: מקורות עיקריים
A14: Home Assistant Green: מחיר מומלץ עלה ל-$199 (Nabu Casa, עדכון 24/04/2026, nabucasa.com/news/2026-01-08-green-pricing-change). כמעט כפול מהמחיר המקורי.
A15: שאר מחירי החומרה: הערכות של Claude לפי מחירי קמעונאות באירופה/ארה"ב + יבוא ומע"מ בישראל. לא נבדקו מול ספק ישראלי — לאמת לפני הצעת מחיר אמיתית.
A16: עלויות חשמלאי: הערכות. לאמת מול החשמלאי הקבוע (PRD 1 סעיף G).

Sheet קטלוג
A1: קטלוג מוצרים ומחיר ללקוח
A2: מחיר ללקוח = עלות חומרה × (1+מרווח) + דקות עבודה של גיא × תעריף + עבודת חשמלאי, מעוגל למעלה. "נספר" = נכנס לספירת המכשירים של מדרגת הריטיינר.
A4: מזהה | B4: קטגוריה (PRD 1) | C4: מוצר | D4: עלות חומרה (₪) | E4: דקות עבודה של גיא | F4: עבודת חשמלאי (₪) | G4: נספר בריטיינר (1/0) | H4: מחיר ללקוח (₪) | I4: סוג | J4: הערה
A5: HUB | B5: 1. בקר מרכזי | C5: Home Assistant Green | D5: 900 | E5: 0 | F5: 0 | G5: 0 | H5: =ROUNDUP((D5*(1+הנחות!$B$6)+E5/60*הנחות!$B$5+F5)/הנחות!$B$10,0)*הנחות!$B$10 -> 1080 | I5: בסיס | J5: $199 MSRP + יבוא. ההגדרה כלולה בשעות הבסיס.
A6: ZBT | B6: 1. בקר מרכזי | C6: מתאם Zigbee/Thread (Connect ZBT / SkyConnect) | D6: 250 | E6: 0 | F6: 0 | G6: 0 | H6: =ROUNDUP((D6*(1+הנחות!$B$6)+E6/60*הנחות!$B$5+F6)/הנחות!$B$10,0)*הנחות!$B$10 -> 300 | I6: בסיס | J6: ההגדרה כלולה בשעות הבסיס.
A7: FP2 | B7: 2. נוכחות | C7: Aqara FP2 (חיישן נוכחות mmWave) | D7: 400 | E7: 30 | F7: 0 | G7: 1 | H7: =ROUNDUP((D7*(1+הנחות!$B$6)+E7/60*הנחות!$B$5+F7)/הנחות!$B$10,0)*הנחות!$B$10 -> 610 | I7: חדר | J7: הגדרת אזורים בחדר. דורש מתאם חשמל.
A8: PIR | B8: 2. נוכחות | C8: Aqara Motion P1 (PIR למעברים) | D8: 130 | E8: 10 | F8: 0 | G8: 1 | H8: =ROUNDUP((D8*(1+הנחות!$B$6)+E8/60*הנחות!$B$5+F8)/הנחות!$B$10,0)*הנחות!$B$10 -> 200 | I8: חדר
A9: IR | B9: 3. אקלים | C9: Broadlink RM4 mini (שליטה במזגן IR) | D9: 110 | E9: 30 | F9: 0 | G9: 1 | H9: =ROUNDUP((D9*(1+הנחות!$B$6)+E9/60*הנחות!$B$5+F9)/הנחות!$B$10,0)*הנחות!$B$10 -> 260 | I9: חדר | J9: לימוד קודי IR למזגן.
A10: TMP | B10: 3. אקלים | C10: חיישן טמפ'/לחות Aqara | D10: 90 | E10: 10 | F10: 0 | G10: 1 | H10: =ROUNDUP((D10*(1+הנחות!$B$6)+E10/60*הנחות!$B$5+F10)/הנחות!$B$10,0)*הנחות!$B$10 -> 150 | I10: חדר
A11: AIR | B11: 3. אקלים | C11: IKEA VINDSTYRKA (איכות אוויר) | D11: 200 | E11: 15 | F11: 0 | G11: 1 | H11: =ROUNDUP((D11*(1+הנחות!$B$6)+E11/60*הנחות!$B$5+F11)/הנחות!$B$10,0)*הנחות!$B$10 -> 310 | I11: חדר
A12: LEAK | B12: 4. בטיחות | C12: חיישן הצפה Aqara | D12: 90 | E12: 10 | F12: 0 | G12: 1 | H12: =ROUNDUP((D12*(1+הנחות!$B$6)+E12/60*הנחות!$B$5+F12)/הנחות!$B$10,0)*הנחות!$B$10 -> 150 | I12: חדר | J12: אחד כלול בבסיס; נוספים ליד מדיח/מכונת כביסה/דוד.
A13: SMOKE | B13: 4. בטיחות | C13: גלאי עשן Zigbee | D13: 200 | E13: 15 | F13: 0 | G13: 1 | H13: =ROUNDUP((D13*(1+הנחות!$B$6)+E13/60*הנחות!$B$5+F13)/הנחות!$B$10,0)*הנחות!$B$10 -> 310 | I13: חדר | J13: אחד כלול בבסיס.
A14: DIN | B14: 4. בטיחות | C14: Shelly Pro 1PM DIN-Rail (ניתוק אוטומטי בלוח) | D14: 350 | E14: 20 | F14: 300 | G14: 1 | H14: =ROUNDUP((D14*(1+הנחות!$B$6)+E14/60*הנחות!$B$5+F14)/הנחות!$B$10,0)*הנחות!$B$10 -> 810 | I14: בית | J14: עבודת חשמלאי בלוח.
A15: BOIL | B15: 5. אנרגיה | C15: Switcher (בקרת דוד) | D15: 380 | E15: 20 | F15: 250 | G15: 1 | H15: =ROUNDUP((D15*(1+הנחות!$B$6)+E15/60*הנחות!$B$5+F15)/הנחות!$B$10,0)*הנחות!$B$10 -> 790 | I15: בית | J15: עבודת חשמלאי.
A16: EM1 | B16: 5. אנרגיה | C16: Shelly EM (מדידה חד-פאזית) | D16: 300 | E16: 15 | F16: 250 | G16: 1 | H16: =ROUNDUP((D16*(1+הנחות!$B$6)+E16/60*הנחות!$B$5+F16)/הנחות!$B$10,0)*הנחות!$B$10 -> 680 | I16: בית | J16: צבת מדידה בלוח — חשמלאי.
A17: EM3 | B17: 5. אנרגיה | C17: Shelly Pro 3EM (מדידה תלת-פאזית) | D17: 650 | E17: 20 | F17: 350 | G17: 1 | H17: =ROUNDUP((D17*(1+הנחות!$B$6)+E17/60*הנחות!$B$5+F17)/הנחות!$B$10,0)*הנחות!$B$10 -> 1220 | I17: בית | J17: חשמלאי.
A18: SW1 | B18: 6. מפסקים | C18: Shelly 1PM (מתג תאורה, לכל נקודה) | D18: 110 | E18: 10 | F18: 150 | G18: 1 | H18: =ROUNDUP((D18*(1+הנחות!$B$6)+E18/60*הנחות!$B$5+F18)/הנחות!$B$10,0)*הנחות!$B$10 -> 330 | I18: חדר | J18: מאחורי מתג קיים — חשמלאי.
A19: SW2 | B19: 6. מפסקים | C19: Shelly 2PM (תריס חשמלי) | D19: 160 | E19: 15 | F19: 150 | G19: 1 | H19: =ROUNDUP((D19*(1+הנחות!$B$6)+E19/60*הנחות!$B$5+F19)/הנחות!$B$10,0)*הנחות!$B$10 -> 410 | I19: חדר | J19: חשמלאי.
A20: DIM | B20: 6. מפסקים | C20: Shelly Dimmer (עמעם) | D20: 170 | E20: 10 | F20: 150 | G20: 1 | H20: =ROUNDUP((D20*(1+הנחות!$B$6)+E20/60*הנחות!$B$5+F20)/הנחות!$B$10,0)*הנחות!$B$10 -> 400 | I20: חדר | J20: חשמלאי.
A21: DOOR | B21: 7. כניסה | C21: חיישן פתיחה/סגירה (דלת/חלון) | D21: 75 | E21: 10 | F21: 0 | G21: 1 | H21: =ROUNDUP((D21*(1+הנחות!$B$6)+E21/60*הנחות!$B$5+F21)/הנחות!$B$10,0)*הנחות!$B$10 -> 140 | I21: חדר | J21: אחד (דלת כניסה) כלול בבסיס.
A22: LOCK | B22: 7. כניסה | C22: מנעול חכם Nuki | D22: 1200 | E22: 45 | F22: 0 | G22: 1 | H22: =ROUNDUP((D22*(1+הנחות!$B$6)+E22/60*הנחות!$B$5+F22)/הנחות!$B$10,0)*הנחות!$B$10 -> 1630 | I22: תוספת | J22: לייף-סטייל, תוספת בתשלום.
A23: BELL | B23: 7. כניסה | C23: פעמון וידאו | D23: 550 | E23: 45 | F23: 0 | G23: 1 | H23: =ROUNDUP((D23*(1+הנחות!$B$6)+E23/60*הנחות!$B$5+F23)/הנחות!$B$10,0)*הנחות!$B$10 -> 850 | I23: תוספת | J23: לייף-סטייל, תוספת בתשלום.
A24: LIGHT | B24: 8. חיווי ותאורה | C24: מנורת אווירה / נורה חכמה | D24: 120 | E24: 10 | F24: 0 | G24: 1 | H24: =ROUNDUP((D24*(1+הנחות!$B$6)+E24/60*הנחות!$B$5+F24)/הנחות!$B$10,0)*הנחות!$B$10 -> 190 | I24: תוספת
A25: BTN | B25: 8. חיווי ותאורה | C25: כפתור משימות Zigbee | D25: 70 | E25: 10 | F25: 0 | G25: 1 | H25: =ROUNDUP((D25*(1+הנחות!$B$6)+E25/60*הנחות!$B$5+F25)/הנחות!$B$10,0)*הנחות!$B$10 -> 130 | I25: תוספת
A26: TAB | B26: 9. Kiosk | C26: טאבלט קיר + מתקן | D26: 900 | E26: 90 | F26: 0 | G26: 1 | H26: =ROUNDUP((D26*(1+הנחות!$B$6)+E26/60*הנחות!$B$5+F26)/הנחות!$B$10,0)*הנחות!$B$10 -> 1460 | I26: תוספת | J26: כולל הגדרת דשבורד קיר.
A27: VOICE | B27: 9. Kiosk | C27: Home Assistant Voice PE (קולי מקומי) | D27: 330 | E27: 45 | F27: 0 | G27: 1 | H27: =ROUNDUP((D27*(1+הנחות!$B$6)+E27/60*הנחות!$B$5+F27)/הנחות!$B$10,0)*הנחות!$B$10 -> 590 | I27: תוספת | J27: $59 MSRP. פייפליין מקומי Whisper/Piper.
A28: CAM | B28: תוספת | C28: מצלמת IP (PoE) | D28: 400 | E28: 30 | F28: 0 | G28: 1 | H28: =ROUNDUP((D28*(1+הנחות!$B$6)+E28/60*הנחות!$B$5+F28)/הנחות!$B$10,0)*הנחות!$B$10 -> 610 | I28: תוספת | J28: הקלטה מקומית. ללא WebRTC ענני כברירת מחדל.

Sheet חבילה בסיסית
A1: החבילה הבסיסית (חובה לכל לקוח)
A3: רכיב | B3: כמות | C3: מחיר ליחידה (₪) | D3: סה"כ (₪) | E3: מכשירים נספרים
A4: =קטלוג!C5 -> Home Assistant Green | B4: 1 | C4: =קטלוג!H5 -> 1080 | D4: =B4*C4 -> 1080 | E4: =B4*קטלוג!G5 -> 0
A5: =קטלוג!C6 -> מתאם Zigbee/Thread (Connect ZBT / SkyConnect) | B5: 1 | C5: =קטלוג!H6 -> 300 | D5: =B5*C5 -> 300 | E5: =B5*קטלוג!G6 -> 0
A6: =קטלוג!C12 -> חיישן הצפה Aqara | B6: 1 | C6: =קטלוג!H12 -> 150 | D6: =B6*C6 -> 150 | E6: =B6*קטלוג!G12 -> 1
A7: =קטלוג!C13 -> גלאי עשן Zigbee | B7: 1 | C7: =קטלוג!H13 -> 310 | D7: =B7*C7 -> 310 | E7: =B7*קטלוג!G13 -> 1
A8: =קטלוג!C21 -> חיישן פתיחה/סגירה (דלת/חלון) | B8: 1 | C8: =קטלוג!H21 -> 140 | D8: =B8*C8 -> 140 | E8: =B8*קטלוג!G21 -> 1
A9: שעות שירות בסיס (התקנה, דשבורד, גיבויים, Watchman, הדרכה) | B9: =הנחות!$B$8 -> 6 | C9: =הנחות!$B$5 -> 250 | D9: =B9*C9 -> 1500
A10: מחיר החבילה הבסיסית | D10: =SUM(D4:D9) -> 3480 | E10: =SUM(E4:E8) -> 3

Sheet ריטיינר
A1: מדרגות ריטיינר לפי מכשירים מנוטרים
A3: מ- (מכשירים) | B3: עד (מכשירים) | C3: ריטיינר חודשי (₪) | D3: הערה
A4: 0 | B4: 25 | C4: 160 | D4: כמו הריטיינר הקודם של EcoHome
A5: 26 | B5: 50 | C5: 220 | D5: כמו SafeHome
A6: 51 | B6: ללא הגבלה | C6: 350 | D6: כמו EliteHome
A8: הספים (25/50) הם הערכה — לאמת מול ספירת המכשירים בפועל אצל 3 הלקוחות הראשונים. לא נספרים: מוצרים עצמאיים מהחנות, ומנוי Nabu Casa (משולם ישירות על ידי הלקוח).

Sheet נקודות התחלה
A1: נקודות התחלה (Eco / Safe / Elite) — כיול מול המחירים מ-16/09
A2: כמויות מעבר לחבילה הבסיסית, לבית טיפוסי. משמשות כהצעה מוכנה בבנייה לפי חדרים.
A4: מוצר | B4: מחיר ליחידה (₪) | C4: EcoHome | D4: SafeHome | E4: EliteHome | F4: עזר: חשמלאי | G4: עזר: נספר
A5: =קטלוג!C7 -> Aqara FP2 (חיישן נוכחות mmWave) | B5: =קטלוג!H7 -> 610 | C5: 2 | D5: 4 | E5: 6 | F5: =קטלוג!F7 -> 0 | G5: =קטלוג!G7 -> 1
A6: =קטלוג!C8 -> Aqara Motion P1 (PIR למעברים) | B6: =קטלוג!H8 -> 200 | C6: 1 | D6: 2 | E6: 4 | F6: =קטלוג!F8 -> 0 | G6: =קטלוג!G8 -> 1
A7: =קטלוג!C9 -> Broadlink RM4 mini (שליטה במזגן IR) | B7: =קטלוג!H9 -> 260 | C7: 1 | D7: 1 | E7: 2 | F7: =קטלוג!F9 -> 0 | G7: =קטלוג!G9 -> 1
A8: =קטלוג!C10 -> חיישן טמפ'/לחות Aqara | B8: =קטלוג!H10 -> 150 | C8: 1 | D8: 1 | E8: 2 | F8: =קטלוג!F10 -> 0 | G8: =קטלוג!G10 -> 1
A9: =קטלוג!C11 -> IKEA VINDSTYRKA (איכות אוויר) | B9: =קטלוג!H11 -> 310 | C9: 0 | D9: 1 | E9: 1 | F9: =קטלוג!F11 -> 0 | G9: =קטלוג!G11 -> 1
A10: =קטלוג!C12 -> חיישן הצפה Aqara | B10: =קטלוג!H12 -> 150 | C10: 0 | D10: 1 | E10: 2 | F10: =קטלוג!F12 -> 0 | G10: =קטלוג!G12 -> 1
A11: =קטלוג!C14 -> Shelly Pro 1PM DIN-Rail (ניתוק אוטומטי בלוח) | B11: =קטלוג!H14 -> 810 | C11: 0 | D11: 1 | E11: 1 | F11: =קטלוג!F14 -> 300 | G11: =קטלוג!G14 -> 1
A12: =קטלוג!C15 -> Switcher (בקרת דוד) | B12: =קטלוג!H15 -> 790 | C12: 1 | D12: 1 | E12: 1 | F12: =קטלוג!F15 -> 250 | G12: =קטלוג!G15 -> 1
A13: =קטלוג!C16 -> Shelly EM (מדידה חד-פאזית) | B13: =קטלוג!H16 -> 680 | C13: 1 | D13: 1 | E13: 0 | F13: =קטלוג!F16 -> 250 | G13: =קטלוג!G16 -> 1
A14: =קטלוג!C17 -> Shelly Pro 3EM (מדידה תלת-פאזית) | B14: =קטלוג!H17 -> 1220 | C14: 0 | D14: 0 | E14: 1 | F14: =קטלוג!F17 -> 350 | G14: =קטלוג!G17 -> 1
A15: =קטלוג!C18 -> Shelly 1PM (מתג תאורה, לכל נקודה) | B15: =קטלוג!H18 -> 330 | C15: 3 | D15: 5 | E15: 10 | F15: =קטלוג!F18 -> 150 | G15: =קטלוג!G18 -> 1
A16: =קטלוג!C19 -> Shelly 2PM (תריס חשמלי) | B16: =קטלוג!H19 -> 410 | C16: 0 | D16: 2 | E16: 5 | F16: =קטלוג!F19 -> 150 | G16: =קטלוג!G19 -> 1
A17: =קטלוג!C20 -> Shelly Dimmer (עמעם) | B17: =קטלוג!H20 -> 400 | C17: 0 | D17: 2 | E17: 4 | F17: =קטלוג!F20 -> 150 | G17: =קטלוג!G20 -> 1
A18: =קטלוג!C21 -> חיישן פתיחה/סגירה (דלת/חלון) | B18: =קטלוג!H21 -> 140 | C18: 4 | D18: 7 | E18: 12 | F18: =קטלוג!F21 -> 0 | G18: =קטלוג!G21 -> 1
A20: פריטים מעבר לבסיס (₪) | C20: =SUMPRODUCT($B$5:$B$18,C5:C18) -> 4850 | D20: =SUMPRODUCT($B$5:$B$18,D5:D18) -> 10240 | E20: =SUMPRODUCT($B$5:$B$18,E5:E18) -> 17340
A21: חבילה בסיסית (₪) | C21: ='חבילה בסיסית'!$D$10 -> 3480 | D21: ='חבילה בסיסית'!$D$10 -> 3480 | E21: ='חבילה בסיסית'!$D$10 -> 3480
A22: ביקור חשמלאי (₪) | C22: =IF(SUMPRODUCT(($F$5:$F$18>0)*C5:C18)>0,הנחות!$B$7,0) -> 400 | D22: =IF(SUMPRODUCT(($F$5:$F$18>0)*D5:D18)>0,הנחות!$B$7,0) -> 400 | E22: =IF(SUMPRODUCT(($F$5:$F$18>0)*E5:E18)>0,הנחות!$B$7,0) -> 400
A23: סה"כ התקנה (₪) | C23: =SUM(C20:C22) -> 8730 | D23: =SUM(D20:D22) -> 14120 | E23: =SUM(E20:E22) -> 21220
A24: יעד מ-16/09 (₪) | C24: 5700 | D24: 8700 | E24: 13150
A25: פער מהיעד (₪) | C25: =C23-C24 -> 3030 | D25: =D23-D24 -> 5420 | E25: =E23-E24 -> 8070
A26: מכשירים נספרים | C26: ='חבילה בסיסית'!$E$10+SUMPRODUCT($G$5:$G$18,C5:C18) -> 17 | D26: ='חבילה בסיסית'!$E$10+SUMPRODUCT($G$5:$G$18,D5:D18) -> 32 | E26: ='חבילה בסיסית'!$E$10+SUMPRODUCT($G$5:$G$18,E5:E18) -> 54
A27: ריטיינר חודשי (₪) | C27: =INDEX(ריטיינר!$C$4:$C$6,MATCH(C26,ריטיינר!$A$4:$A$6,1)) -> 160 | D27: =INDEX(ריטיינר!$C$4:$C$6,MATCH(D26,ריטיינר!$A$4:$A$6,1)) -> 220 | E27: =INDEX(ריטיינר!$C$4:$C$6,MATCH(E26,ריטיינר!$A$4:$A$6,1)) -> 350
A29: אם הפער חיובי ומשמעותי, המחירים מ-16/09 לא מכסים את העלויות בהנחות הנוכחיות (בעיקר בגלל עליית מחיר HA Green ועבודת חשמלאי). ההחלטה — להעלות מחיר, לצמצם כמויות בנקודת ההתחלה, או לעדכן הנחות — אצל גיא.

Sheet הצעת מחיר
A1: הצעת מחיר לפי חדרים — כלי ידני ל-3 הלקוחות הראשונים
A2: איך ממלאים: עמודה A = שם החדר, B = מוצר מהרשימה הנפתחת, C = כמות (כחול). שורה 5 היא דוגמה — אפשר למחוק. החבילה הבסיסית מתווספת אוטומטית.
A4: חדר | B4: מוצר | C4: כמות | D4: מחיר ליחידה (₪) | E4: סה"כ (₪) | F4: חשמלאי? | G4: מכשירים נספרים
A5: סלון | B5: Shelly 1PM (מתג תאורה, לכל נקודה) | C5: 3 | D5: =IF(B5="","",INDEX(קטלוג!$H$5:$H$28,MATCH(B5,קטלוג!$C$5:$C$28,0))) -> 330 | E5: =IF(B5="","",C5*D5) -> 990 | F5: =IF(B5="","",IF(INDEX(קטלוג!$F$5:$F$28,MATCH(B5,קטלוג!$C$5:$C$28,0))>0,1,0)) -> 1 | G5: =IF(B5="","",C5*INDEX(קטלוג!$G$5:$G$28,MATCH(B5,קטלוג!$C$5:$C$28,0))) -> 3
D6: =IF(B6="","",INDEX(קטלוג!$H$5:$H$28,MATCH(B6,קטלוג!$C$5:$C$28,0))) | E6: =IF(B6="","",C6*D6) | F6: =IF(B6="","",IF(INDEX(קטלוג!$F$5:$F$28,MATCH(B6,קטלוג!$C$5:$C$28,0))>0,1,0)) | G6: =IF(B6="","",C6*INDEX(קטלוג!$G$5:$G$28,MATCH(B6,קטלוג!$C$5:$C$28,0)))
D7: =IF(B7="","",INDEX(קטלוג!$H$5:$H$28,MATCH(B7,קטלוג!$C$5:$C$28,0))) | E7: =IF(B7="","",C7*D7) | F7: =IF(B7="","",IF(INDEX(קטלוג!$F$5:$F$28,MATCH(B7,קטלוג!$C$5:$C$28,0))>0,1,0)) | G7: =IF(B7="","",C7*INDEX(קטלוג!$G$5:$G$28,MATCH(B7,קטלוג!$C$5:$C$28,0)))
D8: =IF(B8="","",INDEX(קטלוג!$H$5:$H$28,MATCH(B8,קטלוג!$C$5:$C$28,0))) | E8: =IF(B8="","",C8*D8) | F8: =IF(B8="","",IF(INDEX(קטלוג!$F$5:$F$28,MATCH(B8,קטלוג!$C$5:$C$28,0))>0,1,0)) | G8: =IF(B8="","",C8*INDEX(קטלוג!$G$5:$G$28,MATCH(B8,קטלוג!$C$5:$C$28,0)))
D9: =IF(B9="","",INDEX(קטלוג!$H$5:$H$28,MATCH(B9,קטלוג!$C$5:$C$28,0))) | E9: =IF(B9="","",C9*D9) | F9: =IF(B9="","",IF(INDEX(קטלוג!$F$5:$F$28,MATCH(B9,קטלוג!$C$5:$C$28,0))>0,1,0)) | G9: =IF(B9="","",C9*INDEX(קטלוג!$G$5:$G$28,MATCH(B9,קטלוג!$C$5:$C$28,0)))
D10: =IF(B10="","",INDEX(קטלוג!$H$5:$H$28,MATCH(B10,קטלוג!$C$5:$C$28,0))) | E10: =IF(B10="","",C10*D10) | F10: =IF(B10="","",IF(INDEX(קטלוג!$F$5:$F$28,MATCH(B10,קטלוג!$C$5:$C$28,0))>0,1,0)) | G10: =IF(B10="","",C10*INDEX(קטלוג!$G$5:$G$28,MATCH(B10,קטלוג!$C$5:$C$28,0)))
D11: =IF(B11="","",INDEX(קטלוג!$H$5:$H$28,MATCH(B11,קטלוג!$C$5:$C$28,0))) | E11: =IF(B11="","",C11*D11) | F11: =IF(B11="","",IF(INDEX(קטלוג!$F$5:$F$28,MATCH(B11,קטלוג!$C$5:$C$28,0))>0,1,0)) | G11: =IF(B11="","",C11*INDEX(קטלוג!$G$5:$G$28,MATCH(B11,קטלוג!$C$5:$C$28,0)))
D12: =IF(B12="","",INDEX(קטלוג!$H$5:$H$28,MATCH(B12,קטלוג!$C$5:$C$28,0))) | E12: =IF(B12="","",C12*D12) | F12: =IF(B12="","",IF(INDEX(קטלוג!$F$5:$F$28,MATCH(B12,קטלוג!$C$5:$C$28,0))>0,1,0)) | G12: =IF(B12="","",C12*INDEX(קטלוג!$G$5:$G$28,MATCH(B12,קטלוג!$C$5:$C$28,0)))
D13: =IF(B13="","",INDEX(קטלוג!$H$5:$H$28,MATCH(B13,קטלוג!$C$5:$C$28,0))) | E13: =IF(B13="","",C13*D13) | F13: =IF(B13="","",IF(INDEX(קטלוג!$F$5:$F$28,MATCH(B13,קטלוג!$C$5:$C$28,0))>0,1,0)) | G13: =IF(B13="","",C13*INDEX(קטלוג!$G$5:$G$28,MATCH(B13,קטלוג!$C$5:$C$28,0)))
D14: =IF(B14="","",INDEX(קטלוג!$H$5:$H$28,MATCH(B14,קטלוג!$C$5:$C$28,0))) | E14: =IF(B14="","",C14*D14) | F14: =IF(B14="","",IF(INDEX(קטלוג!$F$5:$F$28,MATCH(B14,קטלוג!$C$5:$C$28,0))>0,1,0)) | G14: =IF(B14="","",C14*INDEX(קטלוג!$G$5:$G$28,MATCH(B14,קטלוג!$C$5:$C$28,0)))
D15: =IF(B15="","",INDEX(קטלוג!$H$5:$H$28,MATCH(B15,קטלוג!$C$5:$C$28,0))) | E15: =IF(B15="","",C15*D15) | F15: =IF(B15="","",IF(INDEX(קטלוג!$F$5:$F$28,MATCH(B15,קטלוג!$C$5:$C$28,0))>0,1,0)) | G15: =IF(B15="","",C15*INDEX(קטלוג!$G$5:$G$28,MATCH(B15,קטלוג!$C$5:$C$28,0)))
D16: =IF(B16="","",INDEX(קטלוג!$H$5:$H$28,MATCH(B16,קטלוג!$C$5:$C$28,0))) | E16: =IF(B16="","",C16*D16) | F16: =IF(B16="","",IF(INDEX(קטלוג!$F$5:$F$28,MATCH(B16,קטלוג!$C$5:$C$28,0))>0,1,0)) | G16: =IF(B16="","",C16*INDEX(קטלוג!$G$5:$G$28,MATCH(B16,קטלוג!$C$5:$C$28,0)))
D17: =IF(B17="","",INDEX(קטלוג!$H$5:$H$28,MATCH(B17,קטלוג!$C$5:$C$28,0))) | E17: =IF(B17="","",C17*D17) | F17: =IF(B17="","",IF(INDEX(קטלוג!$F$5:$F$28,MATCH(B17,קטלוג!$C$5:$C$28,0))>0,1,0)) | G17: =IF(B17="","",C17*INDEX(קטלוג!$G$5:$G$28,MATCH(B17,קטלוג!$C$5:$C$28,0)))
... D44: =IF(B44="","",INDEX(קטלוג!$H$5:$H$28,MATCH(B44,קטלוג!$C$5:$C$28,0))) | E44: =IF(B44="","",C44*D44) | F44: =IF(B44="","",IF(INDEX(קטלוג!$F$5:$F$28,MATCH(B44,קטלוג!$C$5:$C$28,0))>0,1,0)) | G44: =IF(B44="","",C44*INDEX(קטלוג!$G$5:$G$28,MATCH(B44,קטלוג!$C$5:$C$28,0)))
A46: פריטים (₪) | B46: =SUM(E5:E44) -> 990
A47: חבילה בסיסית (₪) | B47: ='חבילה בסיסית'!$D$10 -> 3480
A48: ביקור חשמלאי (₪) | B48: =IF(SUMPRODUCT((F5:F44=1)*1)>0,הנחות!$B$7,0) -> 400
A49: סה"כ התקנה (₪) | B49: =SUM(B46:B48) -> 4870
A50: מכשירים נספרים | B50: ='חבילה בסיסית'!$E$10+SUM(G5:G44) -> 6
A51: ריטיינר חודשי (₪) | B51: =INDEX(ריטיינר!$C$4:$C$6,MATCH(B50,ריטיינר!$A$4:$A$6,1)) -> 160
A52: לא כלול: מנוי Nabu Casa (6.50$/חודש או 65$/שנה) — משולם ישירות על ידי הלקוח ל-Nabu Casa.
