Workbook

Sheet הסבר
A1: OneHome — גיליון מעקב לקוחות (קובץ דוגמה)
A2: הקובץ הזה מכיל נתוני דוגמה בלבד (לקוח C001, לא אמיתי). כדי להשתמש בו: לשמור עותק במקום פרטי, למחוק את שורת הדוגמה בכל לשונית, ולהתחיל למלא.
A4: איך לקרוא את הצבעים
A5: טקסט כחול = תא שממלאים ידנית. טקסט שחור על רקע אפור = נוסחה, לא לערוך.
A7: הלשוניות
A8: לקוחות — שורה לכל לקוח. נוסחאות מוכנות עד שורה 21. שדות ה-IP, MAC, גרסת HA, R2 ו-Sentry הם אלה ש-PRD 4 (כלי ניהול פנימי) יצטרך, כך שבהמשך אפשר לייבא אותם.
A9: Checklist — עמודה לכל לקוח, נמשכת אוטומטית מלשונית לקוחות (5 הלקוחות הראשונים). מבוסס על PRD 3, סעיפים B ו-D. "לא רלוונטי" לא נספר באחוז ההתקדמות.
A10: שעות — שורה לכל שלב עבודה. זה המדד "שעות בפועל לכל שלב" מ-PRD 3, והבסיס לחישוב הכנסה לשעה.
A11: פניות — יומן פניות אחרי המסירה. רמות החומרה כאן (קריטית/רגילה) הן הצעה — להתאים לרמות ה-SLA המדויקות ב-PRD 1.
A12: חבילות — מחירי ההתקנה והריטיינר (מקור: PRD 1, 16/09/2026) וסיכום קצר: לקוחות פעילים, הכנסה חודשית וסה"כ פניות פתוחות.
A14: כללים חשובים
A15: 1. אין סודות בקובץ. סיסמאות WiFi, סיסמאות אדמין של HA וסיסמת הצפנת הגיבויים — רק במנהל סיסמאות. בעמודה "הפניה לסודות" כותבים איפה הם שמורים.
... A18: 4. תחילת ריטיינר = תאריך אישור קבלה חתום (החלטה ב-PRD 3, סעיף B).

Sheet לקוחות
A1: מזהה לקוח | B1: שם לקוח | C1: טלפון | D1: עיר / אזור | E1: חבילה | F1: מחיר התקנה | G1: ריטיינר חודשי | H1: תאריך סקר בית | I1: תאריך התקנה | J1: תאריך אישור קבלה | K1: תחילת ריטיינר (= אישור קבלה) | L1: סטטוס | M1: IP קבוע | N1: MAC של ה-HA | O1: גרסת HA | P1: Nabu Casa | Q1: שירותי Nabu Casa שנבחרו | R1: שם bucket ב-R2 | S1: environment ב-Sentry | T1: עבודת חשמל | U1: חשמלאי | V1: התקדמות checklist | W1: סה"כ שעות התקנה | X1: הכנסת התקנה לשעה (לפני חומרה) | Y1: פניות פתוחות | Z1: הפניה לסודות (מנהל סיסמאות) | AA1: הערות
A2: C001 | B2: לקוח לדוגמה (לא אמיתי) | C2: 050-0000000 | D2: תל אביב | E2: SafeHome | F2: =IF($E2="","",IFERROR(INDEX(חבילות!$B$2:$B$4,MATCH($E2,חבילות!$A$2:$A$4,0)),"")) -> 8700 | G2: =IF($E2="","",IFERROR(INDEX(חבילות!$C$2:$C$4,MATCH($E2,חבילות!$A$2:$A$4,0)),"")) -> 220 | H2: 46300 | I2: 46314 | J2: 46314 | K2: =IF($J2="","",$J2) -> 46314 | L2: פעיל | M2: 192.168.1.50 | N2: AA:BB:CC:DD:EE:FF | O2: 2026.9.3 | P2: לא | Q2: — | R2: onehome-c001-backups | S2: c001-sample | T2: כן | U2: חשמלאי א׳ (לדוגמה) | V2: =IF($A2="","",IFERROR(INDEX(Checklist!$C$30:$G$30,MATCH($A2,Checklist!$C$1:$G$1,0)),"")) -> 1 | W2: =IF($A2="","",SUMIFS(שעות!$D$2:$D$500,שעות!$A$2:$A$500,$A2)) -> 15.5 | X2: =IF($A2="","",IFERROR($F2/$W2,"")) -> 561.29032 | Y2: =IF($A2="","",COUNTIFS(פניות!$B$2:$B$500,$A2,פניות!$F$2:$F$500,"פתוחה")) -> 1 | Z2: Bitwarden: OneHome/C001 (לדוגמה) | AA2: נתוני דוגמה בלבד — למחוק את השורה לפני שימוש אמיתי
F3: =IF($E3="","",IFERROR(INDEX(חבילות!$B$2:$B$4,MATCH($E3,חבילות!$A$2:$A$4,0)),"")) | G3: =IF($E3="","",IFERROR(INDEX(חבילות!$C$2:$C$4,MATCH($E3,חבילות!$A$2:$A$4,0)),"")) | K3: =IF($J3="","",$J3) | V3: =IF($A3="","",IFERROR(INDEX(Checklist!$C$30:$G$30,MATCH($A3,Checklist!$C$1:$G$1,0)),"")) | W3: =IF($A3="","",SUMIFS(שעות!$D$2:$D$500,שעות!$A$2:$A$500,$A3)) | X3: =IF($A3="","",IFERROR($F3/$W3,"")) | Y3: =IF($A3="","",COUNTIFS(פניות!$B$2:$B$500,$A3,פניות!$F$2:$F$500,"פתוחה"))
F4: =IF($E4="","",IFERROR(INDEX(חבילות!$B$2:$B$4,MATCH($E4,חבילות!$A$2:$A$4,0)),"")) | G4: =IF($E4="","",IFERROR(INDEX(חבילות!$C$2:$C$4,MATCH($E4,חבילות!$A$2:$A$4,0)),"")) | K4: =IF($J4="","",$J4) | V4: =IF($A4="","",IFERROR(INDEX(Checklist!$C$30:$G$30,MATCH($A4,Checklist!$C$1:$G$1,0)),"")) | W4: =IF($A4="","",SUMIFS(שעות!$D$2:$D$500,שעות!$A$2:$A$500,$A4)) | X4: =IF($A4="","",IFERROR($F4/$W4,"")) | Y4: =IF($A4="","",COUNTIFS(פניות!$B$2:$B$500,$A4,פניות!$F$2:$F$500,"פתוחה"))
F5: =IF($E5="","",IFERROR(INDEX(חבילות!$B$2:$B$4,MATCH($E5,חבילות!$A$2:$A$4,0)),"")) | G5: =IF($E5="","",IFERROR(INDEX(חבילות!$C$2:$C$4,MATCH($E5,חבילות!$A$2:$A$4,0)),"")) | K5: =IF($J5="","",$J5) | V5: =IF($A5="","",IFERROR(INDEX(Checklist!$C$30:$G$30,MATCH($A5,Checklist!$C$1:$G$1,0)),"")) | W5: =IF($A5="","",SUMIFS(שעות!$D$2:$D$500,שעות!$A$2:$A$500,$A5)) | X5: =IF($A5="","",IFERROR($F5/$W5,"")) | Y5: =IF($A5="","",COUNTIFS(פניות!$B$2:$B$500,$A5,פניות!$F$2:$F$500,"פתוחה"))
F6: =IF($E6="","",IFERROR(INDEX(חבילות!$B$2:$B$4,MATCH($E6,חבילות!$A$2:$A$4,0)),"")) | G6: =IF($E6="","",IFERROR(INDEX(חבילות!$C$2:$C$4,MATCH($E6,חבילות!$A$2:$A$4,0)),"")) | K6: =IF($J6="","",$J6) | V6: =IF($A6="","",IFERROR(INDEX(Checklist!$C$30:$G$30,MATCH($A6,Checklist!$C$1:$G$1,0)),"")) | W6: =IF($A6="","",SUMIFS(שעות!$D$2:$D$500,שעות!$A$2:$A$500,$A6)) | X6: =IF($A6="","",IFERROR($F6/$W6,"")) | Y6: =IF($A6="","",COUNTIFS(פניות!$B$2:$B$500,$A6,פניות!$F$2:$F$500,"פתוחה"))
F7: =IF($E7="","",IFERROR(INDEX(חבילות!$B$2:$B$4,MATCH($E7,חבילות!$A$2:$A$4,0)),"")) | G7: =IF($E7="","",IFERROR(INDEX(חבילות!$C$2:$C$4,MATCH($E7,חבילות!$A$2:$A$4,0)),"")) | K7: =IF($J7="","",$J7) | V7: =IF($A7="","",IFERROR(INDEX(Checklist!$C$30:$G$30,MATCH($A7,Checklist!$C$1:$G$1,0)),"")) | W7: =IF($A7="","",SUMIFS(שעות!$D$2:$D$500,שעות!$A$2:$A$500,$A7)) | X7: =IF($A7="","",IFERROR($F7/$W7,"")) | Y7: =IF($A7="","",COUNTIFS(פניות!$B$2:$B$500,$A7,פניות!$F$2:$F$500,"פתוחה"))
F8: =IF($E8="","",IFERROR(INDEX(חבילות!$B$2:$B$4,MATCH($E8,חבילות!$A$2:$A$4,0)),"")) | G8: =IF($E8="","",IFERROR(INDEX(חבילות!$C$2:$C$4,MATCH($E8,חבילות!$A$2:$A$4,0)),"")) | K8: =IF($J8="","",$J8) | V8: =IF($A8="","",IFERROR(INDEX(Checklist!$C$30:$G$30,MATCH($A8,Checklist!$C$1:$G$1,0)),"")) | W8: =IF($A8="","",SUMIFS(שעות!$D$2:$D$500,שעות!$A$2:$A$500,$A8)) | X8: =IF($A8="","",IFERROR($F8/$W8,"")) | Y8: =IF($A8="","",COUNTIFS(פניות!$B$2:$B$500,$A8,פניות!$F$2:$F$500,"פתוחה"))
F9: =IF($E9="","",IFERROR(INDEX(חבילות!$B$2:$B$4,MATCH($E9,חבילות!$A$2:$A$4,0)),"")) | G9: =IF($E9="","",IFERROR(INDEX(חבילות!$C$2:$C$4,MATCH($E9,חבילות!$A$2:$A$4,0)),"")) | K9: =IF($J9="","",$J9) | V9: =IF($A9="","",IFERROR(INDEX(Checklist!$C$30:$G$30,MATCH($A9,Checklist!$C$1:$G$1,0)),"")) | W9: =IF($A9="","",SUMIFS(שעות!$D$2:$D$500,שעות!$A$2:$A$500,$A9)) | X9: =IF($A9="","",IFERROR($F9/$W9,"")) | Y9: =IF($A9="","",COUNTIFS(פניות!$B$2:$B$500,$A9,פניות!$F$2:$F$500,"פתוחה"))
F10: =IF($E10="","",IFERROR(INDEX(חבילות!$B$2:$B$4,MATCH($E10,חבילות!$A$2:$A$4,0)),"")) | G10: =IF($E10="","",IFERROR(INDEX(חבילות!$C$2:$C$4,MATCH($E10,חבילות!$A$2:$A$4,0)),"")) | K10: =IF($J10="","",$J10) | V10: =IF($A10="","",IFERROR(INDEX(Checklist!$C$30:$G$30,MATCH($A10,Checklist!$C$1:$G$1,0)),"")) | W10: =IF($A10="","",SUMIFS(שעות!$D$2:$D$500,שעות!$A$2:$A$500,$A10)) | X10: =IF($A10="","",IFERROR($F10/$W10,"")) | Y10: =IF($A10="","",COUNTIFS(פניות!$B$2:$B$500,$A10,פניות!$F$2:$F$500,"פתוחה"))
F11: =IF($E11="","",IFERROR(INDEX(חבילות!$B$2:$B$4,MATCH($E11,חבילות!$A$2:$A$4,0)),"")) | G11: =IF($E11="","",IFERROR(INDEX(חבילות!$C$2:$C$4,MATCH($E11,חבילות!$A$2:$A$4,0)),"")) | K11: =IF($J11="","",$J11) | V11: =IF($A11="","",IFERROR(INDEX(Checklist!$C$30:$G$30,MATCH($A11,Checklist!$C$1:$G$1,0)),"")) | W11: =IF($A11="","",SUMIFS(שעות!$D$2:$D$500,שעות!$A$2:$A$500,$A11)) | X11: =IF($A11="","",IFERROR($F11/$W11,"")) | Y11: =IF($A11="","",COUNTIFS(פניות!$B$2:$B$500,$A11,פניות!$F$2:$F$500,"פתוחה"))
F12: =IF($E12="","",IFERROR(INDEX(חבילות!$B$2:$B$4,MATCH($E12,חבילות!$A$2:$A$4,0)),"")) | G12: =IF($E12="","",IFERROR(INDEX(חבילות!$C$2:$C$4,MATCH($E12,חבילות!$A$2:$A$4,0)),"")) | K12: =IF($J12="","",$J12) | V12: =IF($A12="","",IFERROR(INDEX(Checklist!$C$30:$G$30,MATCH($A12,Checklist!$C$1:$G$1,0)),"")) | W12: =IF($A12="","",SUMIFS(שעות!$D$2:$D$500,שעות!$A$2:$A$500,$A12)) | X12: =IF($A12="","",IFERROR($F12/$W12,"")) | Y12: =IF($A12="","",COUNTIFS(פניות!$B$2:$B$500,$A12,פניות!$F$2:$F$500,"פתוחה"))
F13: =IF($E13="","",IFERROR(INDEX(חבילות!$B$2:$B$4,MATCH($E13,חבילות!$A$2:$A$4,0)),"")) | G13: =IF($E13="","",IFERROR(INDEX(חבילות!$C$2:$C$4,MATCH($E13,חבילות!$A$2:$A$4,0)),"")) | K13: =IF($J13="","",$J13) | V13: =IF($A13="","",IFERROR(INDEX(Checklist!$C$30:$G$30,MATCH($A13,Checklist!$C$1:$G$1,0)),"")) | W13: =IF($A13="","",SUMIFS(שעות!$D$2:$D$500,שעות!$A$2:$A$500,$A13)) | X13: =IF($A13="","",IFERROR($F13/$W13,"")) | Y13: =IF($A13="","",COUNTIFS(פניות!$B$2:$B$500,$A13,פניות!$F$2:$F$500,"פתוחה"))
F14: =IF($E14="","",IFERROR(INDEX(חבילות!$B$2:$B$4,MATCH($E14,חבילות!$A$2:$A$4,0)),"")) | G14: =IF($E14="","",IFERROR(INDEX(חבילות!$C$2:$C$4,MATCH($E14,חבילות!$A$2:$A$4,0)),"")) | K14: =IF($J14="","",$J14) | V14: =IF($A14="","",IFERROR(INDEX(Checklist!$C$30:$G$30,MATCH($A14,Checklist!$C$1:$G$1,0)),"")) | W14: =IF($A14="","",SUMIFS(שעות!$D$2:$D$500,שעות!$A$2:$A$500,$A14)) | X14: =IF($A14="","",IFERROR($F14/$W14,"")) | Y14: =IF($A14="","",COUNTIFS(פניות!$B$2:$B$500,$A14,פניות!$F$2:$F$500,"פתוחה"))
... F21: =IF($E21="","",IFERROR(INDEX(חבילות!$B$2:$B$4,MATCH($E21,חבילות!$A$2:$A$4,0)),"")) | G21: =IF($E21="","",IFERROR(INDEX(חבילות!$C$2:$C$4,MATCH($E21,חבילות!$A$2:$A$4,0)),"")) | K21: =IF($J21="","",$J21) | V21: =IF($A21="","",IFERROR(INDEX(Checklist!$C$30:$G$30,MATCH($A21,Checklist!$C$1:$G$1,0)),"")) | W21: =IF($A21="","",SUMIFS(שעות!$D$2:$D$500,שעות!$A$2:$A$500,$A21)) | X21: =IF($A21="","",IFERROR($F21/$W21,"")) | Y21: =IF($A21="","",COUNTIFS(פניות!$B$2:$B$500,$A21,פניות!$F$2:$F$500,"פתוחה"))

Sheet Checklist
A1: קבוצה | B1: פריט | C1: =IF(לקוחות!$A2="","",לקוחות!$A2) -> C001 | D1: =IF(לקוחות!$A3="","",לקוחות!$A3) | E1: =IF(לקוחות!$A4="","",לקוחות!$A4) | F1: =IF(לקוחות!$A5="","",לקוחות!$A5) | G1: =IF(לקוחות!$A6="","",לקוחות!$A6)
A2: רשת וגישה מקומית | B2: AP/Client Isolation כבוי בראוטר | C2: ✓
A3: רשת וגישה מקומית | B3: רשת שטוחה אחת (או VLAN מאושר ללקוח מיוחד) | C3: ✓
A4: רשת וגישה מקומית | B4: DHCP Reservation לפי MAC בראוטר | C4: ✓
A5: רשת וגישה מקומית | B5: Internal URL מוגדר לפי ה-IP הקבוע | C5: ✓
A6: רשת וגישה מקומית | B6: אפליקציית Companion מזהה את ה-SSID הביתי | C6: ✓
A7: רשת וגישה מקומית | B7: גישת אדמין לראוטר אומתה לפני ההתקנה | C7: ✓
A8: Nabu Casa (רק אם הלקוח בחר) | B8: הלקוח פתח חשבון בשמו ובכרטיס שלו | C8: לא רלוונטי
A9: Nabu Casa (רק אם הלקוח בחר) | B9: External URL מוגדר | C9: לא רלוונטי
A10: Nabu Casa (רק אם הלקוח בחר) | B10: שירותים נבחרו בנפרד (Alexa/Google, גיבוי ענן, Webhooks) | C10: לא רלוונטי
A11: Nabu Casa (רק אם הלקוח בחר) | B11: TTS/STT ענני — החלטה מוצהרת (ברירת מחדל: מקומי) | C11: לא רלוונטי
A12: Nabu Casa (רק אם הלקוח בחר) | B12: WebRTC למצלמות — החלטה מוצהרת (ברירת מחדל: כבוי) | C12: לא רלוונטי
A13: פרטיות וגיבויים | B13: מסמך פרטיות נחתם | C13: ✓
... A29: חוזי ומסירה | B29: אישור קבלה חתום — מתחיל ריטיינר ו-SLA | C29: ✓
B30: התקדמות (לא כולל "לא רלוונטי") | C30: =IF(C$1="","",COUNTIF(C2:C29,"✓")/MAX(1,ROWS(C2:C29)-COUNTIF(C2:C29,"לא רלוונטי"))) -> 1 | D30: =IF(D$1="","",COUNTIF(D2:D29,"✓")/MAX(1,ROWS(D2:D29)-COUNTIF(D2:D29,"לא רלוונטי"))) | E30: =IF(E$1="","",COUNTIF(E2:E29,"✓")/MAX(1,ROWS(E2:E29)-COUNTIF(E2:E29,"לא רלוונטי"))) | F30: =IF(F$1="","",COUNTIF(F2:F29,"✓")/MAX(1,ROWS(F2:F29)-COUNTIF(F2:F29,"לא רלוונטי"))) | G30: =IF(G$1="","",COUNTIF(G2:G29,"✓")/MAX(1,ROWS(G2:G29)-COUNTIF(G2:G29,"לא רלוונטי")))

Sheet שעות
A1: מזהה לקוח | B1: שלב | C1: תאריך | D1: שעות בפועל | E1: הערה | G1: שורה לכל שלב עבודה. הסכום לכל לקוח מוצג בלשונית לקוחות.
A2: C001 | B2: פגישת מכירה | C2: 46293 | D2: 1.5 | E2: פגישה ראשונה בבית הלקוח
A3: C001 | B3: סקר בית | C3: 46300 | D3: 2
A4: C001 | B4: הצעה וחתימה | C4: 46303 | D4: 1.5 | E4: כולל מסמך פרטיות
A5: C001 | B5: הכנה אצל גיא | C5: 46309 | D5: 3 | E5: HA, R2, גיבוי ראשון
A6: C001 | B6: התקנה ורשת | C6: 46314 | D6: 5
A7: C001 | B7: בדיקות קבלה | C7: 46314 | D7: 1.5
A8: C001 | B8: מסירה והדרכה | C8: 46314 | D8: 1

Sheet פניות
A1: מזהה פנייה | B1: מזהה לקוח | C1: תאריך פתיחה | D1: נושא | E1: חומרה | F1: סטטוס | G1: תאריך פתרון | H1: זמן פתרון (שעות) | I1: הערות
A2: P001 | B2: C001 | C2: 46316.382 | D2: התראת הצפה לא הגיעה לטלפון של בת הזוג | E2: קריטית | F2: סגורה | G2: 46316.486 | H2: =IF(OR($C2="",$G2=""),"",ROUND(($G2-$C2)*24,1)) -> 2.5 | I2: נתוני דוגמה — הוגדרה מחדש הרשאת התראות באפליקציה
A3: P002 | B3: C001 | C3: 46328.75 | D3: שאלה על הוספת מנורה לדשבורד | E3: רגילה | F3: פתוחה | H3: =IF(OR($C3="",$G3=""),"",ROUND(($G3-$C3)*24,1)) | I3: נתוני דוגמה
H4: =IF(OR($C4="",$G4=""),"",ROUND(($G4-$C4)*24,1))
H5: =IF(OR($C5="",$G5=""),"",ROUND(($G5-$C5)*24,1))
H6: =IF(OR($C6="",$G6=""),"",ROUND(($G6-$C6)*24,1))
H7: =IF(OR($C7="",$G7=""),"",ROUND(($G7-$C7)*24,1))
H8: =IF(OR($C8="",$G8=""),"",ROUND(($G8-$C8)*24,1))
H9: =IF(OR($C9="",$G9=""),"",ROUND(($G9-$C9)*24,1))
H10: =IF(OR($C10="",$G10=""),"",ROUND(($G10-$C10)*24,1))
H11: =IF(OR($C11="",$G11=""),"",ROUND(($G11-$C11)*24,1))
H12: =IF(OR($C12="",$G12=""),"",ROUND(($G12-$C12)*24,1))
H13: =IF(OR($C13="",$G13=""),"",ROUND(($G13-$C13)*24,1))
H14: =IF(OR($C14="",$G14=""),"",ROUND(($G14-$C14)*24,1))
H15: =IF(OR($C15="",$G15=""),"",ROUND(($G15-$C15)*24,1))
... H101: =IF(OR($C101="",$G101=""),"",ROUND(($G101-$C101)*24,1))

Sheet חבילות
A1: חבילה | B1: מחיר התקנה (₪) | C1: ריטיינר חודשי (₪)
A2: EcoHome | B2: 5700 | C2: 160
A3: SafeHome | B3: 8700 | C3: 220
A4: EliteHome | B4: 13150 | C4: 350
A6: מקור המחירים: PRD 1 / תמחור מעודכן ב-16/09/2026. אם התמחור משתנה — לעדכן כאן בלבד (תאים כחולים).
A8: סיכום
A9: לקוחות פעילים | B9: =COUNTIF(לקוחות!$L$2:$L$21,"פעיל") -> 1
A10: הכנסה חודשית מריטיינר (MRR) | B10: =SUMIFS(לקוחות!$G$2:$G$21,לקוחות!$L$2:$L$21,"פעיל") -> 220
A11: סה"כ פניות פתוחות | B11: =COUNTIF(פניות!$F$2:$F$500,"פתוחה") -> 1
A12: סה"כ שעות התקנה שנרשמו | B12: =SUM(שעות!$D$2:$D$500) -> 15.5
